year_month,member_casual,rideable_type,n_trips
2021-01,casual,classic_bike,8188
2021-01,casual,docked_bike,2071
2021-01,casual,electric_bike,7556
2021-01,member,classic_bike,52835
2021-01,member,docked_bike,1
2021-01,member,electric_bike,24727
2021-02,casual,classic_bike,5588
2021-02,casual,docked_bike,1238
2021-02,casual,electric_bike,3080
2021-02,member,classic_bike,28746
2021-02,member,electric_bike,9880
2021-03,casual,classic_bike,45088
2021-03,casual,docked_bike,15483
2021-03,casual,electric_bike,22425
2021-03,member,classic_bike,105602
2021-03,member,electric_bike,36763
2021-04,casual,classic_bike,69938
2021-04,casual,docked_bike,24463
2021-04,casual,electric_bike,40313
2021-04,member,classic_bike,141773
2021-04,member,electric_bike,55680
2021-05,casual,classic_bike,122388
2021-05,casual,docked_bike,42843
2021-05,casual,electric_bike,87707
2021-05,member,classic_bike,182290
2021-05,member,electric_bike,87573
2021-06,casual,classic_bike,185567
2021-06,casual,docked_bike,51125
2021-06,casual,electric_bike,127730
2021-06,member,classic_bike,242933
2021-06,member,electric_bike,109679
2021-07,casual,classic_bike,238365
2021-07,casual,docked_bike,57160
2021-07,casual,electric_bike,139837
2021-07,member,classic_bike,261154
2021-07,member,electric_bike,112633
2021-08,casual,classic_bike,227270
2021-08,casual,docked_bike,44716
2021-08,casual,electric_bike,135077
2021-08,member,classic_bike,269015
2021-08,member,electric_bike,116350
2021-09,casual,classic_bike,193319
2021-09,casual,docked_bike,35020
2021-09,casual,electric_bike,130529
2021-09,member,classic_bike,263028
2021-09,member,electric_bike,122874
2021-10,casual,classic_bike,104437
2021-10,casual,docked_bike,22576
2021-10,casual,electric_bike,126427
2021-10,member,classic_bike,207510
2021-10,member,electric_bike,159884
2021-11,casual,classic_bike,31498
2021-11,casual,docked_bike,7503
2021-11,casual,electric_bike,66223
2021-11,member,classic_bike,120547
2021-11,member,electric_bike,128116
2021-12,casual,classic_bike,19578
2021-12,casual,docked_bike,4836
2021-12,casual,electric_bike,44203
2021-12,member,classic_bike,79751
2021-12,member,electric_bike,95105
2022-01,casual,classic_bike,6866
2022-01,casual,docked_bike,933
2022-01,casual,electric_bike,10288
2022-01,member,classic_bike,47422
2022-01,member,electric_bike,36322
2022-02,casual,classic_bike,7980
2022-02,casual,docked_bike,1330
2022-02,casual,electric_bike,11607
2022-02,member,classic_bike,50292
2022-02,member,electric_bike,41754
2022-03,casual,classic_bike,34896
2022-03,casual,docked_bike,8196
2022-03,casual,electric_bike,45024
2022-03,member,classic_bike,97584
2022-03,member,electric_bike,92982
2022-04,casual,classic_bike,46852
2022-04,casual,docked_bike,11932
2022-04,casual,electric_bike,65019
2022-04,member,classic_bike,117433
2022-04,member,electric_bike,122394
2022-05,casual,classic_bike,123791
2022-05,casual,docked_bike,26002
2022-05,casual,electric_bike,124746
2022-05,member,classic_bike,194768
2022-05,member,electric_bike,152475
2022-06,casual,classic_bike,166910
2022-06,casual,docked_bike,30046
2022-06,casual,electric_bike,164092
2022-06,member,classic_bike,232812
2022-06,member,electric_bike,158983
2022-07,casual,classic_bike,153299
2022-07,casual,docked_bike,30413
2022-07,casual,electric_bike,213160
2022-07,member,classic_bike,213615
2022-07,member,electric_bike,194328
2022-08,casual,classic_bike,126438
2022-08,casual,docked_bike,25761
2022-08,casual,electric_bike,198320
2022-08,member,classic_bike,212193
2022-08,member,electric_bike,204924
2022-09,casual,classic_bike,103608
2022-09,casual,docked_bike,19358
2022-09,casual,electric_bike,166887
2022-09,member,classic_bike,197740
2022-09,member,electric_bike,197589
2022-10,casual,classic_bike,60499
2022-10,casual,docked_bike,12328
2022-10,casual,electric_bike,131056
2022-10,member,classic_bike,149723
2022-10,member,electric_bike,191547
2022-11,casual,classic_bike,32513
2022-11,casual,docked_bike,5753
2022-11,casual,electric_bike,59945
2022-11,member,classic_bike,109931
2022-11,member,electric_bike,121700
2022-12,casual,classic_bike,12423
2022-12,casual,docked_bike,1869
2022-12,casual,electric_bike,29358
2022-12,member,classic_bike,59779
2022-12,member,electric_bike,73480
2023-01,casual,classic_bike,13695
2023-01,casual,docked_bike,1690
2023-01,casual,electric_bike,23364
2023-01,member,classic_bike,75175
2023-01,member,electric_bike,70071
2023-02,casual,classic_bike,15304
2023-02,casual,docked_bike,2138
2023-02,casual,electric_bike,24292
2023-02,member,classic_bike,73172
2023-02,member,electric_bike,69429
2023-03,casual,classic_bike,19119
2023-03,casual,docked_bike,2945
2023-03,casual,electric_bike,38088
2023-03,member,classic_bike,86317
2023-03,member,electric_bike,102972
2023-04,casual,classic_bike,47975
2023-04,casual,docked_bike,8679
2023-04,casual,electric_bike,85572
2023-04,member,classic_bike,118842
2023-04,member,electric_bike,150200
2023-05,casual,classic_bike,90878
2023-05,casual,docked_bike,12798
2023-05,casual,electric_bike,123216
2023-05,member,classic_bike,174285
2023-05,member,electric_bike,185176
2023-06,casual,classic_bike,114373
2023-06,casual,docked_bike,14531
2023-06,casual,electric_bike,163461
2023-06,member,classic_bike,193375
2023-06,member,electric_bike,214316
2023-07,casual,classic_bike,140133
2023-07,casual,docked_bike,17873
2023-07,casual,electric_bike,163641
2023-07,member,classic_bike,215373
2023-07,member,electric_bike,209403
2023-08,casual,classic_bike,146011
2023-08,casual,docked_bike,15460
2023-08,casual,electric_bike,141298
2023-08,member,classic_bike,244249
2023-08,member,electric_bike,205148
2023-09,casual,classic_bike,129798
2023-09,casual,electric_bike,125253
2023-09,member,classic_bike,211672
2023-09,member,electric_bike,184472
2023-10,casual,classic_bike,81627
2023-10,casual,electric_bike,90865
2023-10,member,classic_bike,182345
2023-10,member,electric_bike,169971
2023-11,casual,classic_bike,41768
2023-11,casual,electric_bike,54239
2023-11,member,classic_bike,131496
2023-11,member,electric_bike,127254
2023-12,casual,classic_bike,20071
2023-12,casual,electric_bike,30332
2023-12,member,classic_bike,82729
2023-12,member,electric_bike,85915
2024-01,casual,classic_bike,10175
2024-01,casual,electric_bike,13472
2024-01,member,classic_bike,64599
2024-01,member,electric_bike,51962
2024-02,casual,classic_bike,27277
2024-02,casual,electric_bike,18742
2024-02,member,classic_bike,110888
2024-02,member,electric_bike,61908
2024-03,casual,classic_bike,38789
2024-03,casual,electric_bike,41528
2024-03,member,classic_bike,107131
2024-03,member,electric_bike,107236
2024-04,casual,classic_bike,56563
2024-04,casual,electric_bike,71036
2024-04,member,classic_bike,128400
2024-04,member,electric_bike,148314
2024-05,casual,classic_bike,114062
2024-05,casual,electric_bike,109060
2024-05,member,classic_bike,186957
2024-05,member,electric_bike,183015
2024-06,casual,classic_bike,141211
2024-06,casual,electric_bike,148696
2024-06,member,classic_bike,195322
2024-06,member,electric_bike,206715
2024-07,casual,classic_bike,159012
2024-07,casual,electric_bike,150487
2024-07,member,classic_bike,210363
2024-07,member,electric_bike,211518
2024-08,casual,classic_bike,147974
2024-08,casual,electric_bike,159434
2024-08,member,classic_bike,203965
2024-08,member,electric_bike,226277
2024-09,casual,classic_bike,120520
2024-09,casual,electric_bike,132514
2024-09,casual,electric_scooter,81450
2024-09,member,classic_bike,193259
2024-09,member,electric_bike,216316
2024-09,member,electric_scooter,56134
2024-10,casual,classic_bike,97625
2024-10,casual,electric_bike,112600
2024-10,member,classic_bike,182391
2024-10,member,electric_bike,212273
2024-11,casual,classic_bike,38825
2024-11,casual,electric_bike,51774
2024-11,member,classic_bike,109011
2024-11,member,electric_bike,129777
2024-12,casual,classic_bike,13038
2024-12,casual,electric_bike,24288
2024-12,member,classic_bike,57349
2024-12,member,electric_bike,80210
2025-01,casual,classic_bike,6587
2025-01,casual,electric_bike,16847
2025-01,member,classic_bike,42962
2025-01,member,electric_bike,69378
2025-02,casual,classic_bike,7363
2025-02,casual,electric_bike,19641
2025-02,member,classic_bike,45333
2025-02,member,electric_bike,76751
2025-03,casual,classic_bike,31238
2025-03,casual,electric_bike,51629
2025-03,member,classic_bike,79524
2025-03,member,electric_bike,128947
2025-04,casual,classic_bike,39404
2025-04,casual,electric_bike,65841
2025-04,member,classic_bike,98928
2025-04,member,electric_bike,158982
2025-05,casual,classic_bike,66864
2025-05,casual,electric_bike,108694
2025-05,member,classic_bike,118669
2025-05,member,electric_bike,195304
2025-06,casual,classic_bike,109389
2025-06,casual,electric_bike,169373
2025-06,member,classic_bike,143743
2025-06,member,electric_bike,235794
2025-07,casual,classic_bike,108718
2025-07,casual,electric_bike,199723
2025-07,member,classic_bike,155555
2025-07,member,electric_bike,274828
2025-08,casual,classic_bike,117470
2025-08,casual,electric_bike,205938
2025-08,member,classic_bike,162809
2025-08,member,electric_bike,280320
2025-09,casual,classic_bike,80767
2025-09,casual,electric_bike,174121
2025-09,member,classic_bike,157944
2025-09,member,electric_bike,283016
2025-10,casual,classic_bike,66160
2025-10,casual,electric_bike,148196
2025-10,member,classic_bike,143169
2025-10,member,electric_bike,270899
2025-11,casual,classic_bike,27082
2025-11,casual,electric_bike,67684
2025-11,member,classic_bike,88031
2025-11,member,electric_bike,163945
2025-12,casual,classic_bike,6951
2025-12,casual,electric_bike,20126
2025-12,member,classic_bike,37784
2025-12,member,electric_bike,71587
