year_month,member_casual,duration_bin,n_trips
2021-01,casual,1-5,1856
2021-01,casual,5-10,5027
2021-01,casual,10-15,3537
2021-01,casual,15-20,2147
2021-01,casual,20-30,2387
2021-01,casual,30-45,1418
2021-01,casual,45-60,543
2021-01,casual,60-90,470
2021-01,casual,90-120,195
2021-01,casual,120+,235
2021-01,member,1-5,16806
2021-01,member,5-10,26761
2021-01,member,10-15,14055
2021-01,member,15-20,7879
2021-01,member,20-30,7107
2021-01,member,30-45,3770
2021-01,member,45-60,663
2021-01,member,60-90,252
2021-01,member,90-120,69
2021-01,member,120+,201
2021-02,casual,1-5,688
2021-02,casual,5-10,2084
2021-02,casual,10-15,1810
2021-02,casual,15-20,1208
2021-02,casual,20-30,1649
2021-02,casual,30-45,1037
2021-02,casual,45-60,499
2021-02,casual,60-90,468
2021-02,casual,90-120,171
2021-02,casual,120+,292
2021-02,member,1-5,6042
2021-02,member,5-10,12627
2021-02,member,10-15,7872
2021-02,member,15-20,4172
2021-02,member,20-30,4335
2021-02,member,30-45,2443
2021-02,member,45-60,588
2021-02,member,60-90,230
2021-02,member,90-120,86
2021-02,member,120+,231
2021-03,casual,1-5,5067
2021-03,casual,5-10,14924
2021-03,casual,10-15,13534
2021-03,casual,15-20,9807
2021-03,casual,20-30,13833
2021-03,casual,30-45,10392
2021-03,casual,45-60,5454
2021-03,casual,60-90,5591
2021-03,casual,90-120,2234
2021-03,casual,120+,2160
2021-03,member,1-5,25925
2021-03,member,5-10,44223
2021-03,member,10-15,27257
2021-03,member,15-20,16141
2021-03,member,20-30,16654
2021-03,member,30-45,9341
2021-03,member,45-60,1635
2021-03,member,60-90,731
2021-03,member,90-120,203
2021-03,member,120+,255
2021-04,casual,1-5,8121
2021-04,casual,5-10,25383
2021-04,casual,10-15,22788
2021-04,casual,15-20,15993
2021-04,casual,20-30,21653
2021-04,casual,30-45,16083
2021-04,casual,45-60,8449
2021-04,casual,60-90,8893
2021-04,casual,90-120,3620
2021-04,casual,120+,3731
2021-04,member,1-5,33792
2021-04,member,5-10,59465
2021-04,member,10-15,38536
2021-04,member,15-20,23369
2021-04,member,20-30,24263
2021-04,member,30-45,13207
2021-04,member,45-60,2642
2021-04,member,60-90,1298
2021-04,member,90-120,367
2021-04,member,120+,514
2021-05,casual,1-5,14575
2021-05,casual,5-10,43494
2021-05,casual,10-15,41941
2021-05,casual,15-20,31870
2021-05,casual,20-30,43139
2021-05,casual,30-45,31416
2021-05,casual,45-60,15907
2021-05,casual,60-90,16105
2021-05,casual,90-120,6845
2021-05,casual,120+,7646
2021-05,member,1-5,45877
2021-05,member,5-10,80297
2021-05,member,10-15,53162
2021-05,member,15-20,32044
2021-05,member,20-30,33448
2021-05,member,30-45,18843
2021-05,member,45-60,3558
2021-05,member,60-90,1583
2021-05,member,90-120,392
2021-05,member,120+,659
2021-06,casual,1-5,21389
2021-06,casual,5-10,66717
2021-06,casual,10-15,66040
2021-06,casual,15-20,49435
2021-06,casual,20-30,62158
2021-06,casual,30-45,41555
2021-06,casual,45-60,19855
2021-06,casual,60-90,19006
2021-06,casual,90-120,8441
2021-06,casual,120+,9826
2021-06,member,1-5,56207
2021-06,member,5-10,105986
2021-06,member,10-15,71543
2021-06,member,15-20,43783
2021-06,member,20-30,44375
2021-06,member,30-45,23218
2021-06,member,45-60,4365
2021-06,member,60-90,1767
2021-06,member,90-120,561
2021-06,member,120+,807
2021-07,casual,1-5,27490
2021-07,casual,5-10,83942
2021-07,casual,10-15,80719
2021-07,casual,15-20,59427
2021-07,casual,20-30,73682
2021-07,casual,30-45,48127
2021-07,casual,45-60,21902
2021-07,casual,60-90,20503
2021-07,casual,90-120,9133
2021-07,casual,120+,10437
2021-07,member,1-5,62422
2021-07,member,5-10,113007
2021-07,member,10-15,76322
2021-07,member,15-20,45531
2021-07,member,20-30,45582
2021-07,member,30-45,23331
2021-07,member,45-60,4479
2021-07,member,60-90,1848
2021-07,member,90-120,509
2021-07,member,120+,756
2021-08,casual,1-5,27105
2021-08,casual,5-10,82913
2021-08,casual,10-15,77076
2021-08,casual,15-20,55283
2021-08,casual,20-30,67646
2021-08,casual,30-45,43565
2021-08,casual,45-60,19138
2021-08,casual,60-90,18116
2021-08,casual,90-120,7613
2021-08,casual,120+,8608
2021-08,member,1-5,66946
2021-08,member,5-10,119628
2021-08,member,10-15,76375
2021-08,member,15-20,45337
2021-08,member,20-30,45355
2021-08,member,30-45,23788
2021-08,member,45-60,4677
2021-08,member,60-90,1945
2021-08,member,90-120,512
2021-08,member,120+,802
2021-09,casual,1-5,26477
2021-09,casual,5-10,77540
2021-09,casual,10-15,69180
2021-09,casual,15-20,47821
2021-09,casual,20-30,57242
2021-09,casual,30-45,36673
2021-09,casual,45-60,16292
2021-09,casual,60-90,14907
2021-09,casual,90-120,5927
2021-09,casual,120+,6809
2021-09,member,1-5,72154
2021-09,member,5-10,121645
2021-09,member,10-15,75453
2021-09,member,15-20,43675
2021-09,member,20-30,43030
2021-09,member,30-45,22643
2021-09,member,45-60,4277
2021-09,member,60-90,1757
2021-09,member,90-120,478
2021-09,member,120+,790
2021-10,casual,1-5,24002
2021-10,casual,5-10,62749
2021-10,casual,10-15,49081
2021-10,casual,15-20,32080
2021-10,casual,20-30,37201
2021-10,casual,30-45,22974
2021-10,casual,45-60,9488
2021-10,casual,60-90,8511
2021-10,casual,90-120,3459
2021-10,casual,120+,3895
2021-10,member,1-5,84371
2021-10,member,5-10,122887
2021-10,member,10-15,67086
2021-10,member,15-20,36150
2021-10,member,20-30,33950
2021-10,member,30-45,17306
2021-10,member,45-60,3261
2021-10,member,60-90,1366
2021-10,member,90-120,354
2021-10,member,120+,663
2021-11,casual,1-5,14056
2021-11,casual,5-10,31623
2021-11,casual,10-15,20307
2021-11,casual,15-20,11930
2021-11,casual,20-30,13132
2021-11,casual,30-45,7182
2021-11,casual,45-60,2825
2021-11,casual,60-90,2278
2021-11,casual,90-120,833
2021-11,casual,120+,1058
2021-11,member,1-5,68657
2021-11,member,5-10,86362
2021-11,member,10-15,42143
2021-11,member,15-20,20663
2021-11,member,20-30,18732
2021-11,member,30-45,9150
2021-11,member,45-60,1736
2021-11,member,60-90,623
2021-11,member,90-120,195
2021-11,member,120+,402
2021-12,casual,1-5,9480
2021-12,casual,5-10,21175
2021-12,casual,10-15,13124
2021-12,casual,15-20,7666
2021-12,casual,20-30,8456
2021-12,casual,30-45,4579
2021-12,casual,45-60,1619
2021-12,casual,60-90,1291
2021-12,casual,90-120,516
2021-12,casual,120+,711
2021-12,member,1-5,48883
2021-12,member,5-10,60713
2021-12,member,10-15,29946
2021-12,member,15-20,14459
2021-12,member,20-30,12929
2021-12,member,30-45,6011
2021-12,member,45-60,1149
2021-12,member,60-90,380
2021-12,member,90-120,123
2021-12,member,120+,263
2022-01,casual,1-5,2785
2022-01,casual,5-10,6010
2022-01,casual,10-15,3554
2022-01,casual,15-20,1907
2022-01,casual,20-30,2044
2022-01,casual,30-45,885
2022-01,casual,45-60,288
2022-01,casual,60-90,249
2022-01,casual,90-120,131
2022-01,casual,120+,234
2022-01,member,1-5,22788
2022-01,member,5-10,30900
2022-01,member,10-15,13882
2022-01,member,15-20,6672
2022-01,member,20-30,5780
2022-01,member,30-45,2644
2022-01,member,45-60,536
2022-01,member,60-90,195
2022-01,member,90-120,66
2022-01,member,120+,281
2022-02,casual,1-5,2789
2022-02,casual,5-10,6558
2022-02,casual,10-15,4077
2022-02,casual,15-20,2224
2022-02,casual,20-30,2494
2022-02,casual,30-45,1290
2022-02,casual,45-60,503
2022-02,casual,60-90,402
2022-02,casual,90-120,178
2022-02,casual,120+,402
2022-02,member,1-5,25230
2022-02,member,5-10,33073
2022-02,member,10-15,15417
2022-02,member,15-20,7357
2022-02,member,20-30,6602
2022-02,member,30-45,3249
2022-02,member,45-60,642
2022-02,member,60-90,216
2022-02,member,90-120,74
2022-02,member,120+,186
2022-03,casual,1-5,8712
2022-03,casual,5-10,21054
2022-03,casual,10-15,15612
2022-03,casual,15-20,10436
2022-03,casual,20-30,13126
2022-03,casual,30-45,8816
2022-03,casual,45-60,3988
2022-03,casual,60-90,3644
2022-03,casual,90-120,1306
2022-03,casual,120+,1422
2022-03,member,1-5,49702
2022-03,member,5-10,64185
2022-03,member,10-15,32688
2022-03,member,15-20,16831
2022-03,member,20-30,16116
2022-03,member,30-45,8258
2022-03,member,45-60,1564
2022-03,member,60-90,698
2022-03,member,90-120,180
2022-03,member,120+,344
2022-04,casual,1-5,12796
2022-04,casual,5-10,29796
2022-04,casual,10-15,22774
2022-04,casual,15-20,14750
2022-04,casual,20-30,18194
2022-04,casual,30-45,11878
2022-04,casual,45-60,5233
2022-04,casual,60-90,4653
2022-04,casual,90-120,1813
2022-04,casual,120+,1916
2022-04,member,1-5,65074
2022-04,member,5-10,79862
2022-04,member,10-15,40861
2022-04,member,15-20,21038
2022-04,member,20-30,19743
2022-04,member,30-45,10058
2022-04,member,45-60,1850
2022-04,member,60-90,803
2022-04,member,90-120,206
2022-04,member,120+,332
2022-05,casual,1-5,23788
2022-05,casual,5-10,58683
2022-05,casual,10-15,49978
2022-05,casual,15-20,34813
2022-05,casual,20-30,42290
2022-05,casual,30-45,28735
2022-05,casual,45-60,13275
2022-05,casual,60-90,12705
2022-05,casual,90-120,4983
2022-05,casual,120+,5289
2022-05,member,1-5,73493
2022-05,member,5-10,107186
2022-05,member,10-15,64838
2022-05,member,15-20,37372
2022-05,member,20-30,37098
2022-05,member,30-45,20382
2022-05,member,45-60,4213
2022-05,member,60-90,1759
2022-05,member,90-120,438
2022-05,member,120+,464
2022-06,casual,1-5,32934
2022-06,casual,5-10,81972
2022-06,casual,10-15,70183
2022-06,casual,15-20,47818
2022-06,casual,20-30,54563
2022-06,casual,30-45,33939
2022-06,casual,45-60,14886
2022-06,casual,60-90,13248
2022-06,casual,90-120,5482
2022-06,casual,120+,6023
2022-06,member,1-5,70182
2022-06,member,5-10,120735
2022-06,member,10-15,77869
2022-06,member,15-20,46004
2022-06,member,20-30,46138
2022-06,member,30-45,22945
2022-06,member,45-60,4657
2022-06,member,60-90,1993
2022-06,member,90-120,549
2022-06,member,120+,723
2022-07,casual,1-5,39037
2022-07,casual,5-10,92544
2022-07,casual,10-15,75141
2022-07,casual,15-20,50802
2022-07,casual,20-30,57483
2022-07,casual,30-45,37047
2022-07,casual,45-60,16765
2022-07,casual,60-90,15093
2022-07,casual,90-120,6316
2022-07,casual,120+,6644
2022-07,member,1-5,75480
2022-07,member,5-10,125648
2022-07,member,10-15,80588
2022-07,member,15-20,47423
2022-07,member,20-30,46365
2022-07,member,30-45,24053
2022-07,member,45-60,5054
2022-07,member,60-90,2171
2022-07,member,90-120,562
2022-07,member,120+,599
2022-08,casual,1-5,38337
2022-08,casual,5-10,89369
2022-08,casual,10-15,67940
2022-08,casual,15-20,43449
2022-08,casual,20-30,47900
2022-08,casual,30-45,29175
2022-08,casual,45-60,13017
2022-08,casual,60-90,11645
2022-08,casual,90-120,4618
2022-08,casual,120+,5069
2022-08,member,1-5,79703
2022-08,member,5-10,132592
2022-08,member,10-15,82450
2022-08,member,15-20,47272
2022-08,member,20-30,45386
2022-08,member,30-45,21968
2022-08,member,45-60,4585
2022-08,member,60-90,1955
2022-08,member,90-120,492
2022-08,member,120+,714
2022-09,casual,1-5,36118
2022-09,casual,5-10,79257
2022-09,casual,10-15,56962
2022-09,casual,15-20,34493
2022-09,casual,20-30,36468
2022-09,casual,30-45,21846
2022-09,casual,45-60,9468
2022-09,casual,60-90,8361
2022-09,casual,90-120,3267
2022-09,casual,120+,3613
2022-09,member,1-5,82873
2022-09,member,5-10,129356
2022-09,member,10-15,76165
2022-09,member,15-20,42379
2022-09,member,20-30,38908
2022-09,member,30-45,18929
2022-09,member,45-60,3813
2022-09,member,60-90,1679
2022-09,member,90-120,414
2022-09,member,120+,813
2022-10,casual,1-5,31717
2022-10,casual,5-10,60292
2022-10,casual,10-15,37916
2022-10,casual,15-20,22000
2022-10,casual,20-30,22748
2022-10,casual,30-45,13736
2022-10,casual,45-60,5937
2022-10,casual,60-90,5378
2022-10,casual,90-120,2011
2022-10,casual,120+,2148
2022-10,member,1-5,86510
2022-10,member,5-10,116014
2022-10,member,10-15,61170
2022-10,member,15-20,32098
2022-10,member,20-30,27554
2022-10,member,30-45,13025
2022-10,member,45-60,2697
2022-10,member,60-90,1220
2022-10,member,90-120,344
2022-10,member,120+,638
2022-11,casual,1-5,19288
2022-11,casual,5-10,32623
2022-11,casual,10-15,18036
2022-11,casual,15-20,9064
2022-11,casual,20-30,9176
2022-11,casual,30-45,5035
2022-11,casual,45-60,2024
2022-11,casual,60-90,1621
2022-11,casual,90-120,655
2022-11,casual,120+,689
2022-11,member,1-5,63272
2022-11,member,5-10,81821
2022-11,member,10-15,40378
2022-11,member,15-20,19636
2022-11,member,20-30,16580
2022-11,member,30-45,7392
2022-11,member,45-60,1337
2022-11,member,60-90,591
2022-11,member,90-120,164
2022-11,member,120+,460
2022-12,casual,1-5,10129
2022-12,casual,5-10,15943
2022-12,casual,10-15,7789
2022-12,casual,15-20,3721
2022-12,casual,20-30,3244
2022-12,casual,30-45,1439
2022-12,casual,45-60,526
2022-12,casual,60-90,427
2022-12,casual,90-120,133
2022-12,casual,120+,299
2022-12,member,1-5,38426
2022-12,member,5-10,49034
2022-12,member,10-15,22417
2022-12,member,15-20,10269
2022-12,member,20-30,8272
2022-12,member,30-45,3523
2022-12,member,45-60,608
2022-12,member,60-90,260
2022-12,member,90-120,89
2022-12,member,120+,361
2023-01,casual,1-5,9576
2023-01,casual,5-10,14429
2023-01,casual,10-15,6460
2023-01,casual,15-20,2971
2023-01,casual,20-30,2772
2023-01,casual,30-45,1322
2023-01,casual,45-60,416
2023-01,casual,60-90,350
2023-01,casual,90-120,155
2023-01,casual,120+,298
2023-01,member,1-5,44637
2023-01,member,5-10,52897
2023-01,member,10-15,23192
2023-01,member,15-20,10654
2023-01,member,20-30,8749
2023-01,member,30-45,3775
2023-01,member,45-60,616
2023-01,member,60-90,275
2023-01,member,90-120,93
2023-01,member,120+,358
2023-02,casual,1-5,9005
2023-02,casual,5-10,14227
2023-02,casual,10-15,7110
2023-02,casual,15-20,3635
2023-02,casual,20-30,3449
2023-02,casual,30-45,2121
2023-02,casual,45-60,860
2023-02,casual,60-90,687
2023-02,casual,90-120,243
2023-02,casual,120+,397
2023-02,member,1-5,43012
2023-02,member,5-10,50535
2023-02,member,10-15,22880
2023-02,member,15-20,11004
2023-02,member,20-30,9276
2023-02,member,30-45,4315
2023-02,member,45-60,764
2023-02,member,60-90,327
2023-02,member,90-120,138
2023-02,member,120+,350
2023-03,casual,1-5,12885
2023-03,casual,5-10,20455
2023-03,casual,10-15,10677
2023-03,casual,15-20,5282
2023-03,casual,20-30,5407
2023-03,casual,30-45,2752
2023-03,casual,45-60,1055
2023-03,casual,60-90,803
2023-03,casual,90-120,315
2023-03,casual,120+,521
2023-03,member,1-5,55991
2023-03,member,5-10,67756
2023-03,member,10-15,31501
2023-03,member,15-20,14697
2023-03,member,20-30,12317
2023-03,member,30-45,5196
2023-03,member,45-60,916
2023-03,member,60-90,390
2023-03,member,90-120,130
2023-03,member,120+,395
2023-04,casual,1-5,21623
2023-04,casual,5-10,39445
2023-04,casual,10-15,25046
2023-04,casual,15-20,15060
2023-04,casual,20-30,17050
2023-04,casual,30-45,10787
2023-04,casual,45-60,5143
2023-04,casual,60-90,4568
2023-04,casual,90-120,1690
2023-04,casual,120+,1814
2023-04,member,1-5,69283
2023-04,member,5-10,90462
2023-04,member,10-15,47698
2023-04,member,15-20,24546
2023-04,member,20-30,22303
2023-04,member,30-45,10695
2023-04,member,45-60,2233
2023-04,member,60-90,1031
2023-04,member,90-120,282
2023-04,member,120+,509
2023-05,casual,1-5,28315
2023-05,casual,5-10,56572
2023-05,casual,10-15,41484
2023-05,casual,15-20,26760
2023-05,casual,20-30,30265
2023-05,casual,30-45,19746
2023-05,casual,45-60,9181
2023-05,casual,60-90,8230
2023-05,casual,90-120,3195
2023-05,casual,120+,3144
2023-05,member,1-5,79438
2023-05,member,5-10,115436
2023-05,member,10-15,68025
2023-05,member,15-20,38213
2023-05,member,20-30,34883
2023-05,member,30-45,16904
2023-05,member,45-60,3580
2023-05,member,60-90,1735
2023-05,member,90-120,459
2023-05,member,120+,788
2023-06,casual,1-5,33639
2023-06,casual,5-10,73648
2023-06,casual,10-15,55511
2023-06,casual,15-20,36574
2023-06,casual,20-30,40702
2023-06,casual,30-45,24666
2023-06,casual,45-60,10657
2023-06,casual,60-90,9143
2023-06,casual,90-120,3656
2023-06,casual,120+,4169
2023-06,member,1-5,82174
2023-06,member,5-10,130836
2023-06,member,10-15,80158
2023-06,member,15-20,45680
2023-06,member,20-30,41952
2023-06,member,30-45,19577
2023-06,member,45-60,4052
2023-06,member,60-90,1868
2023-06,member,90-120,508
2023-06,member,120+,886
2023-07,casual,1-5,35512
2023-07,casual,5-10,76957
2023-07,casual,10-15,61170
2023-07,casual,15-20,40138
2023-07,casual,20-30,44653
2023-07,casual,30-45,28930
2023-07,casual,45-60,13287
2023-07,casual,60-90,11686
2023-07,casual,90-120,4366
2023-07,casual,120+,4948
2023-07,member,1-5,83575
2023-07,member,5-10,134211
2023-07,member,10-15,83796
2023-07,member,15-20,47916
2023-07,member,20-30,44557
2023-07,member,30-45,22157
2023-07,member,45-60,4825
2023-07,member,60-90,2134
2023-07,member,90-120,614
2023-07,member,120+,991
2023-08,casual,1-5,34699
2023-08,casual,5-10,76542
2023-08,casual,10-15,58723
2023-08,casual,15-20,37686
2023-08,casual,20-30,41335
2023-08,casual,30-45,25248
2023-08,casual,45-60,10824
2023-08,casual,60-90,9635
2023-08,casual,90-120,3818
2023-08,casual,120+,4259
2023-08,member,1-5,88894
2023-08,member,5-10,143070
2023-08,member,10-15,89164
2023-08,member,15-20,50694
2023-08,member,20-30,46813
2023-08,member,30-45,22529
2023-08,member,45-60,4667
2023-08,member,60-90,1898
2023-08,member,90-120,546
2023-08,member,120+,1122
2023-09,casual,1-5,31292
2023-09,casual,5-10,68131
2023-09,casual,10-15,48690
2023-09,casual,15-20,29736
2023-09,casual,20-30,32619
2023-09,casual,30-45,19986
2023-09,casual,45-60,9574
2023-09,casual,60-90,8277
2023-09,casual,90-120,3287
2023-09,casual,120+,3459
2023-09,member,1-5,83773
2023-09,member,5-10,129711
2023-09,member,10-15,77109
2023-09,member,15-20,42445
2023-09,member,20-30,38320
2023-09,member,30-45,18043
2023-09,member,45-60,3730
2023-09,member,60-90,1691
2023-09,member,90-120,490
2023-09,member,120+,832
2023-10,casual,1-5,27884
2023-10,casual,5-10,51709
2023-10,casual,10-15,31601
2023-10,casual,15-20,18241
2023-10,casual,20-30,18588
2023-10,casual,30-45,10973
2023-10,casual,45-60,5205
2023-10,casual,60-90,4474
2023-10,casual,90-120,1767
2023-10,casual,120+,2050
2023-10,member,1-5,87021
2023-10,member,5-10,121278
2023-10,member,10-15,65359
2023-10,member,15-20,33242
2023-10,member,20-30,28489
2023-10,member,30-45,12424
2023-10,member,45-60,2458
2023-10,member,60-90,1020
2023-10,member,90-120,322
2023-10,member,120+,703
2023-11,casual,1-5,19038
2023-11,casual,5-10,32054
2023-11,casual,10-15,17105
2023-11,casual,15-20,9215
2023-11,casual,20-30,8749
2023-11,casual,30-45,4830
2023-11,casual,45-60,2015
2023-11,casual,60-90,1664
2023-11,casual,90-120,544
2023-11,casual,120+,793
2023-11,member,1-5,69953
2023-11,member,5-10,91414
2023-11,member,10-15,45668
2023-11,member,15-20,22155
2023-11,member,20-30,18618
2023-11,member,30-45,8128
2023-11,member,45-60,1591
2023-11,member,60-90,559
2023-11,member,90-120,184
2023-11,member,120+,480
2023-12,casual,1-5,11313
2023-12,casual,5-10,17784
2023-12,casual,10-15,8714
2023-12,casual,15-20,4365
2023-12,casual,20-30,4175
2023-12,casual,30-45,1976
2023-12,casual,45-60,832
2023-12,casual,60-90,657
2023-12,casual,90-120,204
2023-12,casual,120+,383
2023-12,member,1-5,46213
2023-12,member,5-10,61712
2023-12,member,10-15,29273
2023-12,member,15-20,13837
2023-12,member,20-30,10997
2023-12,member,30-45,4849
2023-12,member,45-60,913
2023-12,member,60-90,330
2023-12,member,90-120,102
2023-12,member,120+,418
2024-01,casual,1-5,6138
2024-01,casual,5-10,9079
2024-01,casual,10-15,3823
2024-01,casual,15-20,1691
2024-01,casual,20-30,1425
2024-01,casual,30-45,744
2024-01,casual,45-60,256
2024-01,casual,60-90,211
2024-01,casual,90-120,85
2024-01,casual,120+,195
2024-01,member,1-5,33661
2024-01,member,5-10,43635
2024-01,member,10-15,19326
2024-01,member,15-20,8627
2024-01,member,20-30,7056
2024-01,member,30-45,2854
2024-01,member,45-60,584
2024-01,member,60-90,235
2024-01,member,90-120,99
2024-01,member,120+,484
2024-02,casual,1-5,8601
2024-02,casual,5-10,14881
2024-02,casual,10-15,8235
2024-02,casual,15-20,4326
2024-02,casual,20-30,4221
2024-02,casual,30-45,2573
2024-02,casual,45-60,1261
2024-02,casual,60-90,1042
2024-02,casual,90-120,404
2024-02,casual,120+,475
2024-02,member,1-5,44515
2024-02,member,5-10,60837
2024-02,member,10-15,30798
2024-02,member,15-20,15095
2024-02,member,20-30,13017
2024-02,member,30-45,6242
2024-02,member,45-60,1262
2024-02,member,60-90,443
2024-02,member,90-120,132
2024-02,member,120+,455
2024-03,casual,1-5,13207
2024-03,casual,5-10,23002
2024-03,casual,10-15,13883
2024-03,casual,15-20,8386
2024-03,casual,20-30,9169
2024-03,casual,30-45,5955
2024-03,casual,45-60,2774
2024-03,casual,60-90,2239
2024-03,casual,90-120,790
2024-03,casual,120+,912
2024-03,member,1-5,55969
2024-03,member,5-10,75001
2024-03,member,10-15,37616
2024-03,member,15-20,19000
2024-03,member,20-30,16251
2024-03,member,30-45,7784
2024-03,member,45-60,1646
2024-03,member,60-90,614
2024-03,member,90-120,146
2024-03,member,120+,340
2024-04,casual,1-5,18638
2024-04,casual,5-10,33536
2024-04,casual,10-15,22189
2024-04,casual,15-20,13668
2024-04,casual,20-30,15697
2024-04,casual,30-45,10350
2024-04,casual,45-60,5278
2024-04,casual,60-90,4619
2024-04,casual,90-120,1852
2024-04,casual,120+,1772
2024-04,member,1-5,68036
2024-04,member,5-10,93027
2024-04,member,10-15,50145
2024-04,member,15-20,26180
2024-04,member,20-30,23406
2024-04,member,30-45,11662
2024-04,member,45-60,2526
2024-04,member,60-90,1006
2024-04,member,90-120,292
2024-04,member,120+,434
2024-05,casual,1-5,25697
2024-05,casual,5-10,53164
2024-05,casual,10-15,39697
2024-05,casual,15-20,26874
2024-05,casual,20-30,30398
2024-05,casual,30-45,20670
2024-05,casual,45-60,10018
2024-05,casual,60-90,9231
2024-05,casual,90-120,3554
2024-05,casual,120+,3819
2024-05,member,1-5,77297
2024-05,member,5-10,117872
2024-05,member,10-15,71265
2024-05,member,15-20,39895
2024-05,member,20-30,37706
2024-05,member,30-45,18948
2024-05,member,45-60,4019
2024-05,member,60-90,1760
2024-05,member,90-120,491
2024-05,member,120+,719
2024-06,casual,1-5,29599
2024-06,casual,5-10,69397
2024-06,casual,10-15,56253
2024-06,casual,15-20,36958
2024-06,casual,20-30,40896
2024-06,casual,30-45,25591
2024-06,casual,45-60,12168
2024-06,casual,60-90,10311
2024-06,casual,90-120,4185
2024-06,casual,120+,4549
2024-06,member,1-5,76724
2024-06,member,5-10,126724
2024-06,member,10-15,81036
2024-06,member,15-20,45839
2024-06,member,20-30,42653
2024-06,member,30-45,21214
2024-06,member,45-60,4634
2024-06,member,60-90,1958
2024-06,member,90-120,535
2024-06,member,120+,720
2024-07,casual,1-5,32494
2024-07,casual,5-10,73233
2024-07,casual,10-15,57657
2024-07,casual,15-20,38223
2024-07,casual,20-30,43374
2024-07,casual,30-45,28694
2024-07,casual,45-60,13698
2024-07,casual,60-90,12319
2024-07,casual,90-120,4857
2024-07,casual,120+,4950
2024-07,member,1-5,82047
2024-07,member,5-10,134358
2024-07,member,10-15,83820
2024-07,member,15-20,47376
2024-07,member,20-30,44293
2024-07,member,30-45,21717
2024-07,member,45-60,4811
2024-07,member,60-90,2079
2024-07,member,90-120,576
2024-07,member,120+,804
2024-08,casual,1-5,34345
2024-08,casual,5-10,76264
2024-08,casual,10-15,58833
2024-08,casual,15-20,38220
2024-08,casual,20-30,42109
2024-08,casual,30-45,26639
2024-08,casual,45-60,12102
2024-08,casual,60-90,10220
2024-08,casual,90-120,4155
2024-08,casual,120+,4521
2024-08,member,1-5,86667
2024-08,member,5-10,139205
2024-08,member,10-15,85171
2024-08,member,15-20,47373
2024-08,member,20-30,43051
2024-08,member,30-45,20790
2024-08,member,45-60,4673
2024-08,member,60-90,1922
2024-08,member,90-120,570
2024-08,member,120+,820
2024-09,casual,1-5,50329
2024-09,casual,5-10,95747
2024-09,casual,10-15,62361
2024-09,casual,15-20,37343
2024-09,casual,20-30,39364
2024-09,casual,30-45,23473
2024-09,casual,45-60,10224
2024-09,casual,60-90,8778
2024-09,casual,90-120,3371
2024-09,casual,120+,3494
2024-09,member,1-5,105602
2024-09,member,5-10,156437
2024-09,member,10-15,89296
2024-09,member,15-20,47510
2024-09,member,20-30,41593
2024-09,member,30-45,18508
2024-09,member,45-60,3978
2024-09,member,60-90,1656
2024-09,member,90-120,423
2024-09,member,120+,706
2024-10,casual,1-5,31138
2024-10,casual,5-10,60651
2024-10,casual,10-15,38583
2024-10,casual,15-20,22770
2024-10,casual,20-30,24212
2024-10,casual,30-45,14986
2024-10,casual,45-60,6812
2024-10,casual,60-90,6148
2024-10,casual,90-120,2382
2024-10,casual,120+,2543
2024-10,member,1-5,96289
2024-10,member,5-10,133616
2024-10,member,10-15,73571
2024-10,member,15-20,37904
2024-10,member,20-30,32957
2024-10,member,30-45,14954
2024-10,member,45-60,3166
2024-10,member,60-90,1292
2024-10,member,90-120,317
2024-10,member,120+,598
2024-11,casual,1-5,18313
2024-11,casual,5-10,30732
2024-11,casual,10-15,15699
2024-11,casual,15-20,8284
2024-11,casual,20-30,8183
2024-11,casual,30-45,4667
2024-11,casual,45-60,1968
2024-11,casual,60-90,1514
2024-11,casual,90-120,575
2024-11,casual,120+,664
2024-11,member,1-5,66460
2024-11,member,5-10,84185
2024-11,member,10-15,41990
2024-11,member,15-20,20230
2024-11,member,20-30,16620
2024-11,member,30-45,6743
2024-11,member,45-60,1469
2024-11,member,60-90,495
2024-11,member,90-120,170
2024-11,member,120+,426
2024-12,casual,1-5,8943
2024-12,casual,5-10,13514
2024-12,casual,10-15,6228
2024-12,casual,15-20,3070
2024-12,casual,20-30,2889
2024-12,casual,30-45,1363
2024-12,casual,45-60,568
2024-12,casual,60-90,395
2024-12,casual,90-120,177
2024-12,casual,120+,179
2024-12,member,1-5,40638
2024-12,member,5-10,50075
2024-12,member,10-15,23472
2024-12,member,15-20,10274
2024-12,member,20-30,8142
2024-12,member,30-45,3411
2024-12,member,45-60,720
2024-12,member,60-90,343
2024-12,member,90-120,121
2024-12,member,120+,363
2025-01,casual,1-5,6915
2025-01,casual,5-10,8990
2025-01,casual,10-15,3461
2025-01,casual,15-20,1540
2025-01,casual,20-30,1362
2025-01,casual,30-45,576
2025-01,casual,45-60,216
2025-01,casual,60-90,177
2025-01,casual,90-120,63
2025-01,casual,120+,134
2025-01,member,1-5,36402
2025-01,member,5-10,41602
2025-01,member,10-15,17541
2025-01,member,15-20,7509
2025-01,member,20-30,5660
2025-01,member,30-45,2495
2025-01,member,45-60,504
2025-01,member,60-90,262
2025-01,member,90-120,64
2025-01,member,120+,301
2025-02,casual,1-5,7590
2025-02,casual,5-10,10201
2025-02,casual,10-15,4173
2025-02,casual,15-20,1837
2025-02,casual,20-30,1609
2025-02,casual,30-45,858
2025-02,casual,45-60,307
2025-02,casual,60-90,217
2025-02,casual,90-120,66
2025-02,casual,120+,146
2025-02,member,1-5,39009
2025-02,member,5-10,44294
2025-02,member,10-15,19626
2025-02,member,15-20,8593
2025-02,member,20-30,6662
2025-02,member,30-45,2779
2025-02,member,45-60,537
2025-02,member,60-90,247
2025-02,member,90-120,85
2025-02,member,120+,252
2025-03,casual,1-5,14594
2025-03,casual,5-10,24795
2025-03,casual,10-15,14525
2025-03,casual,15-20,8715
2025-03,casual,20-30,9219
2025-03,casual,30-45,5731
2025-03,casual,45-60,2388
2025-03,casual,60-90,1833
2025-03,casual,90-120,522
2025-03,casual,120+,545
2025-03,member,1-5,57088
2025-03,member,5-10,72375
2025-03,member,10-15,36746
2025-03,member,15-20,17878
2025-03,member,20-30,15018
2025-03,member,30-45,6810
2025-03,member,45-60,1379
2025-03,member,60-90,586
2025-03,member,90-120,173
2025-03,member,120+,418
2025-04,casual,1-5,18209
2025-04,casual,5-10,31096
2025-04,casual,10-15,18621
2025-04,casual,15-20,10798
2025-04,casual,20-30,11479
2025-04,casual,30-45,7016
2025-04,casual,45-60,3471
2025-04,casual,60-90,2701
2025-04,casual,90-120,972
2025-04,casual,120+,882
2025-04,member,1-5,68767
2025-04,member,5-10,87728
2025-04,member,10-15,46148
2025-04,member,15-20,23457
2025-04,member,20-30,19984
2025-04,member,30-45,8794
2025-04,member,45-60,1798
2025-04,member,60-90,659
2025-04,member,90-120,171
2025-04,member,120+,404
2025-05,casual,1-5,24653
2025-05,casual,5-10,46689
2025-05,casual,10-15,32229
2025-05,casual,15-20,20302
2025-05,casual,20-30,21904
2025-05,casual,30-45,14019
2025-05,casual,45-60,6382
2025-05,casual,60-90,5462
2025-05,casual,90-120,2001
2025-05,casual,120+,1917
2025-05,member,1-5,75190
2025-05,member,5-10,103737
2025-05,member,10-15,59634
2025-05,member,15-20,31728
2025-05,member,20-30,27091
2025-05,member,30-45,12363
2025-05,member,45-60,2574
2025-05,member,60-90,975
2025-05,member,90-120,251
2025-05,member,120+,430
2025-06,casual,1-5,30972
2025-06,casual,5-10,69222
2025-06,casual,10-15,54461
2025-06,casual,15-20,35808
2025-06,casual,20-30,38595
2025-06,casual,30-45,23791
2025-06,casual,45-60,10367
2025-06,casual,60-90,8935
2025-06,casual,90-120,3232
2025-06,casual,120+,3379
2025-06,member,1-5,74624
2025-06,member,5-10,123666
2025-06,member,10-15,77692
2025-06,member,15-20,42518
2025-06,member,20-30,37466
2025-06,member,30-45,17350
2025-06,member,45-60,3775
2025-06,member,60-90,1506
2025-06,member,90-120,399
2025-06,member,120+,541
2025-07,casual,1-5,36322
2025-07,casual,5-10,79836
2025-07,casual,10-15,59072
2025-07,casual,15-20,38219
2025-07,casual,20-30,41164
2025-07,casual,30-45,25178
2025-07,casual,45-60,11388
2025-07,casual,60-90,10008
2025-07,casual,90-120,3675
2025-07,casual,120+,3579
2025-07,member,1-5,85184
2025-07,member,5-10,140205
2025-07,member,10-15,86805
2025-07,member,15-20,47875
2025-07,member,20-30,42677
2025-07,member,30-45,19871
2025-07,member,45-60,4523
2025-07,member,60-90,1921
2025-07,member,90-120,493
2025-07,member,120+,829
2025-08,casual,1-5,36802
2025-08,casual,5-10,80166
2025-08,casual,10-15,61365
2025-08,casual,15-20,41181
2025-08,casual,20-30,44741
2025-08,casual,30-45,28197
2025-08,casual,45-60,12270
2025-08,casual,60-90,10795
2025-08,casual,90-120,4104
2025-08,casual,120+,3787
2025-08,member,1-5,86649
2025-08,member,5-10,143160
2025-08,member,10-15,88291
2025-08,member,15-20,49532
2025-08,member,20-30,45754
2025-08,member,30-45,21605
2025-08,member,45-60,4776
2025-08,member,60-90,2063
2025-08,member,90-120,593
2025-08,member,120+,706
2025-09,casual,1-5,34395
2025-09,casual,5-10,70959
2025-09,casual,10-15,49009
2025-09,casual,15-20,29954
2025-09,casual,20-30,31515
2025-09,casual,30-45,18922
2025-09,casual,45-60,8240
2025-09,casual,60-90,6878
2025-09,casual,90-120,2569
2025-09,casual,120+,2447
2025-09,member,1-5,91210
2025-09,member,5-10,146331
2025-09,member,10-15,86655
2025-09,member,15-20,47301
2025-09,member,20-30,43074
2025-09,member,30-45,19564
2025-09,member,45-60,4056
2025-09,member,60-90,1708
2025-09,member,90-120,414
2025-09,member,120+,647
2025-10,casual,1-5,35939
2025-10,casual,5-10,64178
2025-10,casual,10-15,39444
2025-10,casual,15-20,23106
2025-10,casual,20-30,23769
2025-10,casual,30-45,13771
2025-10,casual,45-60,5827
2025-10,casual,60-90,4692
2025-10,casual,90-120,1795
2025-10,casual,120+,1835
2025-10,member,1-5,99006
2025-10,member,5-10,141386
2025-10,member,10-15,77051
2025-10,member,15-20,40823
2025-10,member,20-30,34905
2025-10,member,30-45,15161
2025-10,member,45-60,3169
2025-10,member,60-90,1297
2025-10,member,90-120,370
2025-10,member,120+,900
2025-11,casual,1-5,20518
2025-11,casual,5-10,31980
2025-11,casual,10-15,16441
2025-11,casual,15-20,8852
2025-11,casual,20-30,8441
2025-11,casual,30-45,4392
2025-11,casual,45-60,1793
2025-11,casual,60-90,1321
2025-11,casual,90-120,420
2025-11,casual,120+,608
2025-11,member,1-5,67128
2025-11,member,5-10,89413
2025-11,member,10-15,44427
2025-11,member,15-20,22025
2025-11,member,20-30,18036
2025-11,member,30-45,7684
2025-11,member,45-60,1666
2025-11,member,60-90,678
2025-11,member,90-120,222
2025-11,member,120+,697
2025-12,casual,1-5,7302
2025-12,casual,5-10,9902
2025-12,casual,10-15,4369
2025-12,casual,15-20,2135
2025-12,casual,20-30,1793
2025-12,casual,30-45,845
2025-12,casual,45-60,324
2025-12,casual,60-90,207
2025-12,casual,90-120,70
2025-12,casual,120+,130
2025-12,member,1-5,31081
2025-12,member,5-10,40388
2025-12,member,10-15,18211
2025-12,member,15-20,8414
2025-12,member,20-30,6933
2025-12,member,30-45,2830
2025-12,member,45-60,669
2025-12,member,60-90,276
2025-12,member,90-120,121
2025-12,member,120+,448
