year_month,member_casual,n_trips,duration_mean_min,duration_median_min,duration_p25_min,duration_p75_min
2021-01,casual,17815,21.71245673121901,12.433333333333334,7.533333333333333,22.65833333333333
2021-01,member,77563,12.865117388445515,8.833333333333334,5.383333333333334,15.25
2021-02,casual,9906,30.836627633084323,16.275,9.316666666666666,29.9
2021-02,member,38626,16.12905642140873,10.333333333333334,6.3,17.55
2021-03,casual,82996,31.754690185872544,18.916666666666668,10.233333333333333,35.75
2021-03,member,142365,14.064031187440733,10.15,5.966666666666667,17.583333333333332
2021-04,casual,134714,31.48134269637897,18.266666666666666,10.016666666666667,35.19583333333333
2021-04,member,197453,14.737587847909872,10.566666666666666,6.183333333333334,18.183333333333334
2021-05,casual,252938,32.06997037482182,19.033333333333335,10.566666666666666,35.35
2021-05,member,269863,14.707342491066461,10.666666666666666,6.216666666666667,18.316666666666666
2021-06,casual,364422,29.811132697806425,17.616666666666667,10.2,31.866666666666667
2021-06,member,352612,14.661043914179551,10.8,6.4,18.233333333333334
2021-07,casual,435362,27.8979090580561,16.933333333333334,9.85,30.233333333333334
2021-07,member,373787,14.298298005726968,10.6,6.266666666666667,17.816666666666666
2021-08,casual,407063,26.656489822623552,16.3,9.516666666666667,29.05
2021-08,member,385365,14.08856568880584,10.316666666666666,6.116666666666666,17.566666666666666
2021-09,casual,358868,25.562772662928985,15.55,9.1,27.916666666666668
2021-09,member,385902,13.732905504506299,9.95,5.866666666666666,16.966666666666665
2021-10,casual,253440,23.15798473011356,13.883333333333333,8.116666666666667,25.1
2021-10,member,367394,12.449758116173284,8.8,5.233333333333333,15.116666666666667
2021-11,casual,105224,18.993247104589727,11.416666666666666,6.8,20.520833333333332
2021-11,member,248663,11.283832737480026,7.8,4.716666666666667,13.316666666666666
2021-12,casual,68617,18.444422179148834,11.1,6.666666666666667,20.016666666666666
2021-12,member,174856,10.994805439904827,7.733333333333333,4.683333333333334,13.216666666666667
2022-01,casual,18087,17.771127513315278,10.283333333333333,6.316666666666666,17.866666666666667
2022-01,member,83744,11.813877412113035,7.6,4.766666666666667,12.8
2022-02,casual,20917,19.977724657774395,11.083333333333334,6.75,20.083333333333332
2022-02,member,92046,11.27258653282054,7.683333333333334,4.75,13.016666666666667
2022-03,casual,88116,24.627998698685076,14.483333333333333,8.083333333333334,27.316666666666666
2022-03,member,190566,11.901325350097414,8.183333333333334,4.866666666666666,14.25
2022-04,casual,123803,23.666796442735627,14.083333333333334,7.95,26.283333333333335
2022-04,member,239827,11.562583167588853,8.066666666666666,4.75,14.016666666666667
2022-05,casual,274539,26.012507391178268,15.583333333333334,8.833333333333334,28.85
2022-05,member,347243,13.307705218919724,9.583333333333334,5.516666666666667,16.675
2022-06,casual,361048,23.856398687524397,14.616666666666667,8.516666666666667,26.05
2022-06,member,391795,13.921683746176804,10.25,6.033333333333333,17.383333333333333
2022-07,casual,396872,23.658286256861746,14.333333333333334,8.233333333333333,26.116666666666667
2022-07,member,407943,13.722978414468047,10.133333333333333,5.95,17.216666666666665
2022-08,casual,350519,21.938598145416922,13.25,7.733333333333333,24.016666666666666
2022-08,member,417117,13.371849904623094,9.816666666666666,5.816666666666666,16.6
2022-09,casual,289853,20.471633207177423,12.283333333333333,7.25,22.116666666666667
2022-09,member,395329,12.907368208926387,9.316666666666666,5.516666666666667,15.75
2022-10,casual,203883,18.891820390452718,11.066666666666666,6.466666666666667,20.283333333333335
2022-10,member,341270,11.804497611861573,8.3,4.95,14.15
2022-11,casual,98211,15.908836586532965,9.433333333333334,5.666666666666667,16.7
2022-11,member,231631,11.093744288689058,7.8,4.75,13.15
2022-12,casual,43650,13.741420389461613,8.308333333333334,5.183333333333334,13.983333333333333
2022-12,member,133259,10.60725229315346,7.433333333333334,4.616666666666666,12.3
2023-01,casual,38749,14.101250354847867,7.966666666666667,5.016666666666667,13.5
2023-01,member,145246,10.399436014302175,7.183333333333334,4.45,11.95
2023-02,casual,41734,16.46803924857428,8.916666666666666,5.4,16.016666666666666
2023-02,member,142601,10.802260269329565,7.316666666666666,4.483333333333333,12.433333333333334
2023-03,casual,60152,15.831351686837792,8.916666666666666,5.429166666666667,15.783333333333333
2023-03,member,189289,10.563196135714879,7.416666666666667,4.533333333333333,12.4
2023-04,casual,142226,21.38742845893155,11.7,6.6,22.45
2023-04,member,269042,11.880295331831714,8.3,4.9,14.2
2023-05,casual,226892,22.80532345785692,13.183333333333334,7.416666666666667,24.716666666666665
2023-05,member,359461,12.93724251958719,9.183333333333334,5.383333333333334,15.7
2023-06,casual,292365,22.362392557248377,13.283333333333333,7.65,23.966666666666665
2023-06,member,407691,13.175845472837738,9.566666666666666,5.65,16.116666666666667
2023-07,casual,321647,23.47412520558266,13.766666666666667,7.883333333333334,25.216666666666665
2023-07,member,424776,13.536132730348868,9.75,5.733333333333333,16.433333333333334
2023-08,casual,302769,22.445454235187484,13.183333333333334,7.65,23.7
2023-08,member,449397,13.470558956409002,9.683333333333334,5.716666666666667,16.266666666666666
2023-09,casual,255051,21.621564902705845,12.583333333333334,7.283333333333333,23.183333333333334
2023-09,member,396144,12.876184544004188,9.25,5.5,15.583333333333334
2023-10,casual,172492,19.407512908811434,10.833333333333334,6.3,19.966666666666665
2023-10,member,352316,11.790762790600876,8.366666666666667,5.033333333333333,14.016666666666667
2023-11,casual,96007,16.396186215588443,9.366666666666667,5.633333333333334,16.766666666666666
2023-11,member,258750,11.213164315619942,7.866666666666666,4.783333333333333,13.166666666666666
2023-12,casual,50403,14.95369951524051,8.583333333333334,5.283333333333333,14.983333333333333
2023-12,member,168644,10.988979744313472,7.65,4.733333333333333,12.683333333333334
2024-01,casual,23647,14.038139439816185,7.683333333333334,4.9,12.733333333333333
2024-01,member,116561,11.625129331423038,7.366666666666666,4.6,12.066666666666666
2024-02,casual,46019,18.44662204741516,9.783333333333333,5.816666666666666,17.95
2024-02,member,172796,11.914108544179248,8.066666666666666,4.9,13.583333333333334
2024-03,casual,80317,20.030215064473694,11.133333333333333,6.316666666666666,21.433333333333334
2024-03,member,214367,11.422108035907291,8.066666666666666,4.866666666666666,13.6
2024-04,casual,127599,22.059870897629786,12.266666666666667,6.816666666666666,23.983333333333334
2024-04,member,276714,12.054399668972355,8.5,5.033333333333333,14.466666666666667
2024-05,casual,223122,24.12887224627496,13.916666666666666,7.75,26.4
2024-05,member,369972,13.20671185927582,9.466666666666667,5.55,16.116666666666667
2024-06,casual,289907,23.472725552906915,13.935116668542227,8.072925001382828,25.179466664791107
2024-06,member,402037,13.478211115566472,9.881483332316082,5.8284833312034605,16.567599999904633
2024-07,casual,309499,23.94714997598027,14.104150001207987,8.066366664568584,26.163066667318343
2024-07,member,421881,13.39509406009328,9.746850001811982,5.767600003878275,16.433433334032696
2024-08,casual,307408,22.5746870831229,13.443641666571299,7.771312500039737,24.500362498561543
2024-08,member,430242,13.12023649980852,9.53264166712761,5.655637497703235,15.98566250304381
2024-09,casual,334484,19.331158449186276,11.43427500128746,6.629495832324028,20.875804165005682
2024-09,member,465709,12.129570756421158,8.845099997520446,5.286500000953675,14.839366666475932
2024-10,casual,210225,20.25583025297897,11.43914999961853,6.635066664218902,21.36859999895096
2024-10,member,394664,11.819614074085786,8.516733334461849,5.0717333346605304,14.310704163710275
2024-11,casual,90599,16.35073848422327,9.189199995994567,5.599983334541321,16.623050000270208
2024-11,member,238788,10.933156131522658,7.738783333698908,4.705858335892359,12.946416665116944
2024-12,casual,37326,13.827523235819493,8.165150000651678,5.113750001788139,14.239983331163726
2024-12,member,137559,10.608791160650114,7.3961500008900964,4.550375000635783,12.18410833676656
2025-01,casual,23434,12.079987844585599,7.14690000017484,4.588645831743876,11.796124999721847
2025-01,member,112340,9.982142156564025,6.879741664727529,4.314233332872391,11.338508332769075
2025-02,casual,27004,12.344713004249128,7.382274997234344,4.707024999459585,12.304008330901464
2025-02,member,122084,9.957305924210122,7.003833333651225,4.3492874989906944,11.615316664179167
2025-03,casual,82867,17.8994104006151,10.569483335812887,6.094758333762487,19.64402499993642
2025-03,member,208471,11.129204821284238,7.887316664059957,4.737333329518636,13.268816665808359
2025-04,casual,105245,18.6020538831687,10.706033333142598,6.140100002288818,20.11916666428248
2025-04,member,257910,11.273598316465298,8.083391668399175,4.813420830170314,13.68591250081857
2025-05,casual,175558,20.762686120447558,12.258075000842412,6.943037499984106,22.69592499832312
2025-05,member,313973,11.89555583563965,8.716216667493184,5.134016668796539,14.655400002002716
2025-06,casual,278762,21.949611249798433,13.3809750020504,7.778437500198682,23.828954166173936
2025-06,member,379537,12.84726093538438,9.583333333333334,5.73289999961853,15.798650002479553
2025-07,casual,308441,21.428984106738724,12.983683331807454,7.507816664377848,23.416816663742065
2025-07,member,430383,13.153310600784977,9.560199999809265,5.713391665617625,15.86874166727066
2025-08,casual,323408,21.695586688842493,13.442958335081737,7.717300000786781,24.17964166601499
2025-08,member,443129,13.079126388848918,9.656749999523162,5.757133332888285,16.17593333721161
2025-09,casual,254888,19.56248990144212,11.964066666364669,6.972212500373523,21.501741665601728
2025-09,member,440960,12.600942482686861,9.288016666968662,5.563358334700267,15.54527916610241
2025-10,casual,214356,18.111011533849986,10.712725001573563,6.239595834414164,19.48025416533152
2025-10,member,414068,12.115083591665359,8.566149999698002,5.131258330742518,14.392158330480257
2025-11,casual,94766,15.550025570531513,8.956883333126704,5.402058333158493,15.974420834581057
2025-11,member,251976,11.725259546933248,7.916566667954127,4.819991667071979,13.252595832943916
2025-12,casual,27077,12.827195773791878,7.668433332443238,4.805733335018158,13.076283331712087
2025-12,member,109371,11.67819003954736,7.487066666285197,4.6571750005086265,12.364608333508173
