year_month,n_trips,n_member,n_casual,member_share,ci_low,ci_high
2021-01,95378,77563,17815,0.813216884396821,0.8107308780901236,0.8156776613780002
2021-02,48532,38626,9906,0.7958872496497157,0.7922780240924177,0.7994496381212257
2021-03,225361,142365,82996,0.6317197740514109,0.6297261369896435,0.6337089206515373
2021-04,332167,197453,134714,0.5944389418575596,0.5927681084323662,0.5961075909651614
2021-05,522801,269863,252938,0.5161868473855252,0.5148320987429315,0.5175413581530929
2021-06,717034,352612,364422,0.49176468619340225,0.49060758435806656,0.492921876268485
2021-07,809149,373787,435362,0.4619507655573942,0.46086466648125207,0.463037225911554
2021-08,792428,385365,407063,0.486309166258638,0.48520877260862044,0.48740969264631523
2021-09,744770,385902,358868,0.5181492272782201,0.5170143329731568,0.5192839343599805
2021-10,620834,367394,253440,0.5917749350067812,0.5905517593395967,0.5929969749518494
2021-11,353887,248663,105224,0.702662149217123,0.7011539933748259,0.7041659052942411
2021-12,243473,174856,68617,0.7181740891187113,0.7163836434161546,0.7199576503325908
2022-01,101831,83744,18087,0.8223821822431283,0.8200226280417253,0.8247174143586937
2022-02,112963,92046,20917,0.8148331754645326,0.812557338159049,0.8170876008466001
2022-03,278682,190566,88116,0.6838116562964239,0.6820827589484079,0.6855354862545452
2022-04,363630,239827,123803,0.6595357918763578,0.6579939278021762,0.6610742852511982
2022-05,621782,347243,274539,0.5584642205789168,0.5572295946379986,0.5596981241235344
2022-06,752843,391795,361048,0.5204205923412982,0.5192919862911283,0.5215489899961872
2022-07,804815,407943,396872,0.5068779781688959,0.5057856805495066,0.5079702101301059
2022-08,767636,417117,350519,0.5433786325810671,0.5422641242051892,0.5444927068022235
2022-09,685182,395329,289853,0.5769693307763485,0.575799113783811,0.578138684719778
2022-10,545153,341270,203883,0.6260077446148146,0.624722432086342,0.6272912813109937
2022-11,329842,231631,98211,0.7022483492096215,0.7006854874606109,0.7038065000991495
2022-12,176909,133259,43650,0.7532629770107796,0.7512485675574863,0.7552663878357204
2023-01,183995,145246,38749,0.7894018859208131,0.7875328168950391,0.7912588708984638
2023-02,184335,142601,41734,0.7735969837524073,0.7716808128313476,0.775501751633953
2023-03,249441,189289,60152,0.758852794849283,0.757170074310902,0.7605275427044349
2023-04,411268,269042,142226,0.6541768384605658,0.6527217531214793,0.6556290436414878
2023-05,586353,359461,226892,0.6130453839240184,0.6117979963118673,0.6142912903248782
2023-06,700056,407691,292365,0.5823691247557339,0.5812134226770882,0.58352392286137
2023-07,746423,424776,321647,0.5690821424313024,0.5679583745016812,0.5702051993034143
2023-08,752166,449397,302769,0.5974705051810372,0.5963617330730292,0.5985782816922763
2023-09,651195,396144,255051,0.6083339091977058,0.607147718849807,0.6095188214098816
2023-10,524808,352316,172492,0.6713236078718312,0.6700514967786553,0.6725932108943706
2023-11,354757,258750,96007,0.7293725000493295,0.7279080359860786,0.7308319966815082
2023-12,219047,168644,50403,0.7698986975397974,0.7681313653480414,0.7716565633928217
2024-01,140208,116561,23647,0.8313434326144015,0.8293743717925862,0.8332943374496945
2024-02,218815,172796,46019,0.7896899207092749,0.7879773142844244,0.791392355871964
2024-03,294684,214367,80317,0.7274470280028776,0.7258364043237177,0.7290517218249547
2024-04,404313,276714,127599,0.684405398787573,0.6829710993476974,0.6858361941154596
2024-05,593094,369972,223122,0.6237999372780706,0.6225662659400439,0.6250320049266962
2024-06,691944,402037,289907,0.5810253430913485,0.579862366772925,0.5821874197595374
2024-07,731380,421881,309499,0.5768287347206651,0.5756960430311955,0.5779606193525981
2024-08,737650,430242,307408,0.5832603538263404,0.5821348349169192,0.5843850055506333
2024-09,800193,465709,334484,0.5819958435027549,0.5809147628255569,0.5830761369145203
2024-10,604889,394664,210225,0.6524568970505332,0.6512559067068944,0.653655950995353
2024-11,329387,238788,90599,0.7249466433101488,0.7234190738944443,0.7264689659298994
2024-12,174885,137559,37326,0.7865683163221545,0.7846417308214474,0.788482312793427
2025-01,135774,112340,23434,0.8274043631328531,0.8253850260567689,0.8294051742055014
2025-02,149088,122084,27004,0.8188720755526937,0.8169089542878267,0.8208187648795644
2025-03,291338,208471,82867,0.7155640527497271,0.7139230221779451,0.7171993987248324
2025-04,363155,257910,105245,0.7101926174773857,0.7087148809721371,0.7116659071886022
2025-05,489531,313973,175558,0.6413751120970889,0.6400305180806635,0.6427174873269218
2025-06,658299,379537,278762,0.5765419664924297,0.5753479278175689,0.5777351118616755
2025-07,738824,430383,308441,0.5825243901118534,0.5813994878401785,0.5836484342294943
2025-08,766537,443129,323408,0.5780921207978219,0.5769861554581448,0.5791973034325208
2025-09,695848,440960,254888,0.6337016129959416,0.6325688663569066,0.634832883432113
2025-10,628424,414068,214356,0.6588990872404619,0.6577259976785896,0.6600702341630682
2025-11,346742,251976,94766,0.7266959295383888,0.7252100719560562,0.7281767641732247
2025-12,136448,109371,27077,0.8015581027204502,0.7994334649301744,0.8036657612890277
