year_month,member_casual,n_trips
2021-01,casual,17815
2021-01,member,77563
2021-02,casual,9906
2021-02,member,38626
2021-03,casual,82996
2021-03,member,142365
2021-04,casual,134714
2021-04,member,197453
2021-05,casual,252938
2021-05,member,269863
2021-06,casual,364422
2021-06,member,352612
2021-07,casual,435362
2021-07,member,373787
2021-08,casual,407063
2021-08,member,385365
2021-09,casual,358868
2021-09,member,385902
2021-10,casual,253440
2021-10,member,367394
2021-11,casual,105224
2021-11,member,248663
2021-12,casual,68617
2021-12,member,174856
2022-01,casual,18087
2022-01,member,83744
2022-02,casual,20917
2022-02,member,92046
2022-03,casual,88116
2022-03,member,190566
2022-04,casual,123803
2022-04,member,239827
2022-05,casual,274539
2022-05,member,347243
2022-06,casual,361048
2022-06,member,391795
2022-07,casual,396872
2022-07,member,407943
2022-08,casual,350519
2022-08,member,417117
2022-09,casual,289853
2022-09,member,395329
2022-10,casual,203883
2022-10,member,341270
2022-11,casual,98211
2022-11,member,231631
2022-12,casual,43650
2022-12,member,133259
2023-01,casual,38749
2023-01,member,145246
2023-02,casual,41734
2023-02,member,142601
2023-03,casual,60152
2023-03,member,189289
2023-04,casual,142226
2023-04,member,269042
2023-05,casual,226892
2023-05,member,359461
2023-06,casual,292365
2023-06,member,407691
2023-07,casual,321647
2023-07,member,424776
2023-08,casual,302769
2023-08,member,449397
2023-09,casual,255051
2023-09,member,396144
2023-10,casual,172492
2023-10,member,352316
2023-11,casual,96007
2023-11,member,258750
2023-12,casual,50403
2023-12,member,168644
2024-01,casual,23647
2024-01,member,116561
2024-02,casual,46019
2024-02,member,172796
2024-03,casual,80317
2024-03,member,214367
2024-04,casual,127599
2024-04,member,276714
2024-05,casual,223122
2024-05,member,369972
2024-06,casual,289907
2024-06,member,402037
2024-07,casual,309499
2024-07,member,421881
2024-08,casual,307408
2024-08,member,430242
2024-09,casual,334484
2024-09,member,465709
2024-10,casual,210225
2024-10,member,394664
2024-11,casual,90599
2024-11,member,238788
2024-12,casual,37326
2024-12,member,137559
2025-01,casual,23434
2025-01,member,112340
2025-02,casual,27004
2025-02,member,122084
2025-03,casual,82867
2025-03,member,208471
2025-04,casual,105245
2025-04,member,257910
2025-05,casual,175558
2025-05,member,313973
2025-06,casual,278762
2025-06,member,379537
2025-07,casual,308441
2025-07,member,430383
2025-08,casual,323408
2025-08,member,443129
2025-09,casual,254888
2025-09,member,440960
2025-10,casual,214356
2025-10,member,414068
2025-11,casual,94766
2025-11,member,251976
2025-12,casual,27077
2025-12,member,109371
