year_month,n_in,n_kept,n_dropped,n_missing_ride_id,n_duplicate_ride_id,n_missing_programme,n_missing_timestamps,n_duration_non_positive,n_duration_too_short,n_duration_too_long,n_missing_start_station_kept,n_missing_end_station_kept,pct_kept,pct_missing_start_station
2021-01,96834,95378,1456,0,0,0,0,6,1413,37,8295,9731,0.9849639589400417,0.08696974144981023
2021-02,49622,48532,1090,0,0,0,0,4,969,117,3872,4991,0.9780339365603966,0.07978241160471441
2021-03,228496,225361,3135,0,0,0,0,12,2961,162,14332,15985,0.9862798473496254,0.06359574194292712
2021-04,337230,332167,5063,0,0,0,0,38,4770,255,25046,26859,0.9849865077246983,0.07540183100669241
2021-05,531633,522801,8832,0,0,0,0,54,8336,442,51675,55605,0.9833870357934891,0.098842580637757
2021-06,729595,717034,12561,0,0,0,0,66,11830,665,77183,82529,0.9827835991200597,0.10764203650036121
2021-07,822410,809149,13261,0,0,0,0,82,12568,611,84458,89426,0.9838754392577911,0.10437879797169619
2021-08,804352,792428,11924,0,0,0,0,107,11302,515,86097,90841,0.9851756444939529,0.10864961864043168
2021-09,756147,744770,11377,0,0,0,0,107,10855,415,90641,95974,0.9849539838153163,0.12170334465673967
2021-10,631226,620834,10392,0,0,0,0,70,9867,455,105520,111275,0.9835367998149632,0.16996491815847714
2021-11,359978,353887,6091,0,0,0,0,86,5820,185,73541,77015,0.9830795215263155,0.20780927245137573
2021-12,247540,243473,4067,0,0,0,0,21,3889,157,49790,51914,0.9835703320675446,0.2044990614975788
2022-01,103770,101831,1939,0,0,0,0,5,1846,88,15638,17095,0.9813144454081141,0.1535681668647072
2022-02,115609,112963,2646,0,0,0,0,5,2553,88,17708,19260,0.9771125085417225,0.15675929286580562
2022-03,284042,278682,5360,0,0,0,0,18,5080,262,45679,48977,0.9811295512635455,0.16391083744195895
2022-04,371249,363630,7619,0,0,0,0,31,7285,303,68241,71838,0.9794773857976722,0.1876660341555977
2022-05,634858,621782,13076,0,0,0,0,48,12366,662,83928,88751,0.9794032681324013,0.13497978391140303
2022-06,769204,752843,16361,0,0,0,0,66,15318,977,90009,94527,0.9787299598026011,0.1195587924706745
2022-07,823488,804815,18673,0,0,0,0,72,17742,859,107997,114376,0.9773245026035595,0.1341886023496083
2022-08,785932,767636,18296,0,0,0,0,77,17485,734,107720,113561,0.9767206323193355,0.14032692578253234
2022-09,701339,685182,16157,0,0,0,0,72,15458,627,99892,105201,0.9769626386098591,0.14578900204617168
2022-10,558685,545153,13532,0,0,0,0,65,13045,422,87674,91344,0.9757788378066352,0.1608245758530174
2022-11,337735,329842,7893,0,0,0,0,58,7619,216,49771,51186,0.9766296060520823,0.15089345807992918
2022-12,181806,176909,4897,0,0,0,0,14,4761,122,27847,29142,0.9730646953345874,0.15740861120689167
2023-01,190301,183995,6306,0,0,0,0,8,6180,118,25099,25459,0.966863022264728,0.1364113155248784
2023-02,190445,184335,6110,0,0,0,0,9,5992,109,24038,24451,0.967917246449106,0.13040388423251145
2023-03,258678,249441,9237,0,0,0,0,19,9058,160,33804,35253,0.964291513000719,0.13551902052990486
2023-04,426590,411268,15322,0,0,0,0,36,14947,339,59644,62867,0.9640826085937317,0.14502465545580984
2023-05,604827,586353,18474,0,0,0,0,71,17801,602,83489,87441,0.969455728662907,0.14238692391784472
2023-06,719618,700056,19562,0,0,0,0,73,18710,779,110114,115029,0.9728161330038992,0.15729313083524746
2023-07,767650,746423,21227,0,0,0,0,213,19950,1064,116590,120598,0.9723480752947307,0.1561982950686139
2023-08,771693,752166,19527,0,0,0,0,257,18114,1156,113217,116884,0.974695895906792,0.15052129450147972
2023-09,666371,651195,15176,0,0,0,0,220,14097,859,96997,100888,0.977225899686511,0.14895231075177173
2023-10,537113,524808,12305,0,0,0,0,159,11534,612,80879,84090,0.9770904818911477,0.15411159890855322
2023-11,362518,354757,7761,0,0,0,0,149,7255,357,53012,54895,0.9785914078749193,0.149431864628464
2023-12,224073,219047,5026,0,0,0,0,55,4708,263,34502,36107,0.9775698098387579,0.15750957557053966
2024-01,144873,140208,4665,0,0,0,0,97,4239,329,18038,19037,0.9677993829077882,0.12865171744836243
2024-02,223164,218815,4349,0,0,0,0,28,3953,368,22459,23515,0.980512089763582,0.10263921577588374
2024-03,301687,294684,7003,0,0,0,0,106,6482,415,42391,44072,0.9767871999787859,0.1438523978227525
2024-04,415025,404313,10712,0,0,0,0,188,10007,517,71387,73290,0.9741895066562255,0.17656370188443113
2024-05,609493,593094,16399,0,0,0,0,261,15313,825,103086,104471,0.9730940306123286,0.17381055954030897
2024-06,710721,691944,18777,0,0,0,0,0,17598,1179,132218,132750,0.9735803500951851,0.1910819372665996
2024-07,748962,731380,17582,0,0,0,0,0,16461,1121,126459,125313,0.9765248437170377,0.1729046460116492
2024-08,755639,737650,17989,0,0,0,0,0,16939,1050,129785,128047,0.976193658612115,0.17594387582186674
2024-09,821276,800193,21083,0,0,0,0,0,20300,783,177574,176219,0.9743289710158339,0.2219139632563644
2024-10,616281,604889,11392,0,0,0,0,0,10798,594,100761,100678,0.9815149258211757,0.16657766962202983
2024-11,335075,329387,5688,0,0,0,0,43,5371,274,53271,53334,0.9830246959635902,0.16172769417129396
2024-12,178372,174885,3487,0,0,0,0,0,3346,141,27633,28195,0.9804509676406611,0.15800669011064414
2025-01,138689,135774,2915,0,0,0,0,0,2846,69,21612,21954,0.9789817505353705,0.15917627822705377
2025-02,151880,149088,2792,0,0,0,0,0,2732,60,24704,25320,0.9816170661048196,0.1657007941618373
2025-03,298155,291338,6817,0,0,0,0,0,6566,251,51891,53157,0.9771360533950462,0.1781127075767665
2025-04,371341,363155,8186,0,0,0,0,0,7886,300,66572,67627,0.9779555718328975,0.1833156641103661
2025-05,502456,489531,12925,0,0,0,0,0,12362,563,95686,97491,0.9742763545464678,0.1954646386030711
2025-06,678904,658299,20605,0,0,0,0,0,19622,983,138419,140263,0.9696496117271367,0.21026767471923852
2025-07,763432,738824,24608,0,0,0,0,0,23630,978,158672,162179,0.9677666118265936,0.21476292053317164
2025-08,790177,766537,23640,0,0,0,0,0,22938,702,163015,166428,0.9700826523677606,0.21266422886305553
2025-09,714759,695848,18911,0,0,0,0,0,18293,618,145506,150424,0.97354213098401,0.20910601165771836
2025-10,646039,628424,17615,0,0,0,0,0,17016,599,134414,140117,0.9727338442416015,0.21389062161852507
2025-11,356628,346742,9886,0,0,0,0,29,9520,337,70156,74245,0.9722792377491392,0.20232910925125885
2025-12,140534,136448,4086,0,0,0,0,0,3961,125,24674,27135,0.9709251853643958,0.18083079268292682
