year_month,n_in,n_kept,n_dropped,drop_rate,pct_missing_start_station
2021-01,96834,95378,1456,0.01503604105995828,0.08696974144981023
2021-02,49622,48532,1090,0.021966063439603403,0.07978241160471441
2021-03,228496,225361,3135,0.013720152650374623,0.06359574194292712
2021-04,337230,332167,5063,0.015013492275301722,0.07540183100669241
2021-05,531633,522801,8832,0.016612964206510882,0.098842580637757
2021-06,729595,717034,12561,0.017216400879940242,0.10764203650036121
2021-07,822410,809149,13261,0.016124560742208874,0.10437879797169619
2021-08,804352,792428,11924,0.014824355506047104,0.10864961864043168
2021-09,756147,744770,11377,0.015046016184683667,0.12170334465673967
2021-10,631226,620834,10392,0.016463200185036737,0.16996491815847714
2021-11,359978,353887,6091,0.016920478473684504,0.20780927245137573
2021-12,247540,243473,4067,0.01642966793245536,0.2044990614975788
2022-01,103770,101831,1939,0.0186855545918859,0.1535681668647072
2022-02,115609,112963,2646,0.02288749145827747,0.15675929286580562
2022-03,284042,278682,5360,0.01887044873645447,0.16391083744195895
2022-04,371249,363630,7619,0.02052261420232782,0.1876660341555977
2022-05,634858,621782,13076,0.02059673186759874,0.13497978391140303
2022-06,769204,752843,16361,0.02127004019739887,0.1195587924706745
2022-07,823488,804815,18673,0.022675497396440508,0.1341886023496083
2022-08,785932,767636,18296,0.023279367680664485,0.14032692578253234
2022-09,701339,685182,16157,0.02303736139014086,0.14578900204617168
2022-10,558685,545153,13532,0.024221162193364777,0.1608245758530174
2022-11,337735,329842,7893,0.023370393947917747,0.15089345807992918
2022-12,181806,176909,4897,0.026935304665412583,0.15740861120689167
2023-01,190301,183995,6306,0.033136977735272015,0.1364113155248784
2023-02,190445,184335,6110,0.03208275355089396,0.13040388423251145
2023-03,258678,249441,9237,0.03570848699928096,0.13551902052990486
2023-04,426590,411268,15322,0.03591739140626831,0.14502465545580984
2023-05,604827,586353,18474,0.030544271337093087,0.14238692391784472
2023-06,719618,700056,19562,0.02718386699610071,0.15729313083524746
2023-07,767650,746423,21227,0.027651924705269327,0.1561982950686139
2023-08,771693,752166,19527,0.02530410409320805,0.15052129450147972
2023-09,666371,651195,15176,0.022774100313489032,0.14895231075177173
2023-10,537113,524808,12305,0.022909518108852327,0.15411159890855322
2023-11,362518,354757,7761,0.021408592125080686,0.149431864628464
2023-12,224073,219047,5026,0.022430190161242095,0.15750957557053966
2024-01,144873,140208,4665,0.0322006170922118,0.12865171744836243
2024-02,223164,218815,4349,0.01948791023641806,0.10263921577588374
2024-03,301687,294684,7003,0.02321280002121404,0.1438523978227525
2024-04,415025,404313,10712,0.02581049334377447,0.17656370188443113
2024-05,609493,593094,16399,0.026905969387671393,0.17381055954030897
2024-06,710721,691944,18777,0.02641964990481497,0.1910819372665996
2024-07,748962,731380,17582,0.023475156282962286,0.1729046460116492
2024-08,755639,737650,17989,0.023806341387884955,0.17594387582186674
2024-09,821276,800193,21083,0.0256710289841661,0.2219139632563644
2024-10,616281,604889,11392,0.01848507417882427,0.16657766962202983
2024-11,335075,329387,5688,0.01697530403640976,0.16172769417129396
2024-12,178372,174885,3487,0.01954903235933891,0.15800669011064414
2025-01,138689,135774,2915,0.021018249464629494,0.15917627822705377
2025-02,151880,149088,2792,0.018382933895180406,0.1657007941618373
2025-03,298155,291338,6817,0.0228639466049538,0.1781127075767665
2025-04,371341,363155,8186,0.022044428167102476,0.1833156641103661
2025-05,502456,489531,12925,0.02572364545353225,0.1954646386030711
2025-06,678904,658299,20605,0.03035038827286332,0.21026767471923852
2025-07,763432,738824,24608,0.03223338817340641,0.21476292053317164
2025-08,790177,766537,23640,0.02991734763223936,0.21266422886305553
2025-09,714759,695848,18911,0.026457869015990006,0.20910601165771836
2025-10,646039,628424,17615,0.027266155758398487,0.21389062161852507
2025-11,356628,346742,9886,0.027720762250860842,0.20232910925125885
2025-12,140534,136448,4086,0.029074814635604195,0.18083079268292682
