year_month,n_trips,n_member,n_casual,member_share
2021-01,95378,77563,17815,0.813216884396821
2021-02,48532,38626,9906,0.7958872496497157
2021-03,225361,142365,82996,0.6317197740514109
2021-04,332167,197453,134714,0.5944389418575596
2021-05,522801,269863,252938,0.5161868473855252
2021-06,717034,352612,364422,0.49176468619340225
2021-07,809149,373787,435362,0.4619507655573942
2021-08,792428,385365,407063,0.486309166258638
2021-09,744770,385902,358868,0.5181492272782201
2021-10,620834,367394,253440,0.5917749350067812
2021-11,353887,248663,105224,0.702662149217123
2021-12,243473,174856,68617,0.7181740891187113
2022-01,101831,83744,18087,0.8223821822431283
2022-02,112963,92046,20917,0.8148331754645326
2022-03,278682,190566,88116,0.6838116562964239
2022-04,363630,239827,123803,0.6595357918763578
2022-05,621782,347243,274539,0.5584642205789168
2022-06,752843,391795,361048,0.5204205923412982
2022-07,804815,407943,396872,0.5068779781688959
2022-08,767636,417117,350519,0.5433786325810671
2022-09,685182,395329,289853,0.5769693307763485
2022-10,545153,341270,203883,0.6260077446148146
2022-11,329842,231631,98211,0.7022483492096215
2022-12,176909,133259,43650,0.7532629770107796
2023-01,183995,145246,38749,0.7894018859208131
2023-02,184335,142601,41734,0.7735969837524073
2023-03,249441,189289,60152,0.758852794849283
2023-04,411268,269042,142226,0.6541768384605658
2023-05,586353,359461,226892,0.6130453839240184
2023-06,700056,407691,292365,0.5823691247557339
2023-07,746423,424776,321647,0.5690821424313024
2023-08,752166,449397,302769,0.5974705051810372
2023-09,651195,396144,255051,0.6083339091977058
2023-10,524808,352316,172492,0.6713236078718312
2023-11,354757,258750,96007,0.7293725000493295
2023-12,219047,168644,50403,0.7698986975397974
2024-01,140208,116561,23647,0.8313434326144015
2024-02,218815,172796,46019,0.7896899207092749
2024-03,294684,214367,80317,0.7274470280028776
2024-04,404313,276714,127599,0.684405398787573
2024-05,593094,369972,223122,0.6237999372780706
2024-06,691944,402037,289907,0.5810253430913485
2024-07,731380,421881,309499,0.5768287347206651
2024-08,737650,430242,307408,0.5832603538263404
2024-09,800193,465709,334484,0.5819958435027549
2024-10,604889,394664,210225,0.6524568970505332
2024-11,329387,238788,90599,0.7249466433101488
2024-12,174885,137559,37326,0.7865683163221545
2025-01,135774,112340,23434,0.8274043631328531
2025-02,149088,122084,27004,0.8188720755526937
2025-03,291338,208471,82867,0.7155640527497271
2025-04,363155,257910,105245,0.7101926174773857
2025-05,489531,313973,175558,0.6413751120970889
2025-06,658299,379537,278762,0.5765419664924297
2025-07,738824,430383,308441,0.5825243901118534
2025-08,766537,443129,323408,0.5780921207978219
2025-09,695848,440960,254888,0.6337016129959416
2025-10,628424,414068,214356,0.6588990872404619
2025-11,346742,251976,94766,0.7266959295383888
2025-12,136448,109371,27077,0.8015581027204502
