year_month,observed,seasonal,trend,remainder
2021-01,95378,-323589.4548099109,407915.2566661513,11052.198143759626
2021-02,48532,-315405.41845582466,416527.6965915249,-52590.27813570021
2021-03,225361,-191472.93780024655,425140.13651689846,-8306.19871665194
2021-04,332167,-85509.56456962883,432859.8089428318,-15183.244373203022
2021-05,522801,105994.02681949844,440579.48136876523,-23772.508188263688
2021-06,717034,242016.98909877546,447458.5826971412,27558.42820408335
2021-07,809149,302234.28845637146,454337.68402551726,52577.02751811128
2021-08,792428,300068.79798488336,461006.8718072671,31352.33020784956
2021-09,744770,240865.90952702292,467676.05958901695,36228.030883960135
2021-10,620834,122876.90663857719,472374.6503846849,25582.44297673792
2021-11,353887,-122567.00722649028,477073.2411803529,-619.2339538626256
2021-12,243473,-275512.5630504717,478385.30348272726,40600.25956774445
2022-01,101831,-323589.4548099109,479697.36578510155,-54276.910975190636
2022-02,112963,-315405.41845582466,478171.32870929956,-49802.910253474896
2022-03,278682,-191472.93780024655,476645.29163349763,-6490.353833251109
2022-04,363630,-85509.56456962883,473786.2028742647,-24646.638304635882
2022-05,621782,105994.02681949844,470927.11411503167,44860.85906546988
2022-06,752843,242016.98909877546,470029.7679583627,40796.24294286186
2022-07,804815,302234.28845637146,469132.4218016937,33448.28974193486
2022-08,767636,300068.79798488336,470039.71619576565,-2472.5141806490137
2022-09,685182,240865.90952702292,470947.01058983756,-26630.920116860478
2022-10,545153,122876.90663857719,470654.7806968278,-48378.687335404975
2022-11,329842,-122567.00722649028,470362.55080381804,-17953.543577327742
2022-12,176909,-275512.5630504717,468640.24237787584,-16218.679327404127
2023-01,183995,-323589.4548099109,466917.9339519337,40666.520857977215
2023-02,184335,-315405.41845582466,465532.67724900437,34207.7412068203
2023-03,249441,-191472.93780024655,464147.42054607504,-23233.482745828514
2023-04,411268,-85509.56456962883,463144.9065525159,33632.65801711287
2023-05,586353,105994.02681949844,462142.3925589568,18216.580621544737
2023-06,700056,242016.98909877546,461621.43721439794,-3582.426313173375
2023-07,746423,302234.28845637146,461100.481869839,-16911.770326210477
2023-08,752166,300068.79798488336,461848.4946731479,-9751.292658031278
2023-09,651195,240865.90952702292,462596.5074764568,-52267.41700347973
2023-10,524808,122876.90663857719,464312.39817119087,-62381.304809768044
2023-11,354757,-122567.00722649028,466028.2888659249,11295.718360565428
2023-12,219047,-275512.5630504717,467295.0762893234,27264.48676114832
2024-01,140208,-323589.4548099109,468561.86371272185,-4764.408902810945
2024-02,218815,-315405.41845582466,470317.35003871936,63903.06841710536
2024-03,294684,-191472.93780024655,472072.8363647168,14084.101435529708
2024-04,404313,-85509.56456962883,472623.5348164926,17199.029753136216
2024-05,593094,105994.02681949844,473174.23326826835,13925.739912233199
2024-06,691944,242016.98909877546,471391.75986460457,-21464.74896338
2024-07,731380,302234.28845637146,469609.28646094084,-40463.574917312304
2024-08,737650,300068.79798488336,467141.7680370058,-29560.566021889157
2024-09,800193,240865.90952702292,464674.24961307074,94652.8408599064
2024-10,604889,122876.90663857719,462200.34301076416,19811.750350658665
2024-11,329387,-122567.00722649028,459726.4364084576,-7772.42918196728
2024-12,174885,-275512.5630504717,457591.14023694256,-7193.577186470851
2025-01,135774,-323589.4548099109,455455.8440654275,3907.6107444834197
2025-02,149088,-315405.41845582466,454033.9551131008,10459.463342723844
2025-03,291338,-191472.93780024655,452612.0661607742,30198.871639472316
2025-04,363155,-85509.56456962883,452770.9240074367,-4106.359437807929
2025-05,489531,105994.02681949844,452929.7818540992,-69392.80867359764
2025-06,658299,242016.98909877546,452159.63603231974,-35877.62513109518
2025-07,738824,302234.28845637146,451389.4902105403,-14799.778666911763
2025-08,766537,300068.79798488336,450647.04934231157,15821.152672805067
2025-09,695848,240865.90952702292,449904.60847408284,5077.481998894247
2025-10,628424,122876.90663857719,449543.0053105467,56004.088050876104
2025-11,346742,-122567.00722649028,449181.40214701055,20127.60507947975
2025-12,136448,-275512.5630504717,449067.20863346354,-37106.64558299183
